id_country,country_code,country_name
73,FR,france
81,DE,germany
105,IT,italy
140,MX,mexico
199,ES,spain
243,EN,england
249,YY,Auxiliar Country
250,[NULL],portugal
251,[NULL],uruguay
252,[NULL],togo
253,[NULL],serbia
254,[NULL],senegal
255,[NULL],argentina
256,[NULL],brazil
257,[NULL],greece
258,[NULL],morocco
259,[NULL],chile
260,[NULL],ghana
261,[NULL],algeria
262,[NULL],japan
263,[NULL],sweden
264,[NULL],paraguay
265,[NULL],slovenia
266,[NULL],montenegro
267,[NULL],peru
268,[NULL],congo dr
269,[NULL],turkey
270,[NULL],croatia
271,[NULL],denmark
272,[NULL],central african republic
273,[NULL],russia
274,[NULL],belgium
275,[NULL],colombia
276,[NULL],honduras
277,[NULL],costa rica
278,[NULL],wales
279,[NULL],czech republic
280,[NULL],cameroon
281,[NULL],cote divoire
282,[NULL],macedonia fyr
283,[NULL],slovakia
284,[NULL],bosnia-herzegovina
285,[NULL],bosnia herzegovina
286,[NULL],netherlands
287,[NULL],guadeloupe
288,[NULL],dominican-republic
289,[NULL],nigeria
290,[NULL],cote-divoire
291,[NULL],venezuela
292,[NULL],congo-dr
293,[NULL],equatorial-guinea
294,[NULL],central-african-republic
295,[NULL],equatorial guinea
296,[NULL],macedonia-fyr
297,[NULL],dominican republic
298,[NULL],angola
299,[NULL],costa-rica
300,[NULL],ukraine
301,[NULL],romania
302,[NULL],korea-republic
303,[NULL],austria
304,[NULL],china-pr
305,[NULL],ecuador
306,[NULL],china pr
307,[NULL],guinea-bissau
308,[NULL],mauritania
309,[NULL],switzerland
310,[NULL],poland
311,[NULL],kenya
312,[NULL],united-states
313,[NULL],united states
314,[NULL],congo
315,[NULL],albania
316,[NULL],saudi-arabia
317,[NULL],burkina faso
318,[NULL],qatar
319,[NULL],australia
320,[NULL],tunisia
321,[NULL],martinique
322,[NULL],israel
323,[NULL],iceland
324,[NULL],mali
325,[NULL],bulgaria
326,[NULL],scotland
327,[NULL],guinea
328,[NULL],mozambique
329,[NULL],azerbaijan
330,[NULL],gabon
331,[NULL],belarus
332,[NULL],lithuania
333,[NULL],armenia
334,[NULL],eritrea
335,[NULL],thailand
336,[NULL],cape verde islands
337,[NULL],burkina-faso
338,[NULL],gambia
339,[NULL],cape-verde-islands
340,[NULL],norway
